date,review,sentiment
2024-08-25,"The experience was mediocre. The appetizers were cold, and the main course lacked seasoning. The staff was friendly but seemed overwhelmed with the crowd. We might give it another try.","{'experience': 'negative', 'appetizers': 'negative', 'course': 'negative', 'seasoning': 'negative', 'staff': 'positive', 'crowd': 'positive', 'try': 'neutral'}"
2024-08-25,"Had a lovely evening here. The staff was attentive, and the food was great. We especially loved the appetizers. The portions were generous, and we left feeling very satisfied.","{'evening': 'positive', 'staff': 'positive', 'food': 'positive', 'appetizers': 'positive', 'portions': 'positive'}"
2024-08-25,"A wonderful dining experience from start to finish. The waiter was attentive, and the chef even came out to greet us. The food was flavorful and beautifully presented. Highly recommend!","{'dining': 'positive', 'experience': 'positive', 'start': 'positive', 'finish': 'positive', 'waiter': 'positive', 'chef': 'positive', 'food': 'positive'}"
2024-08-11,"This place never disappoints! The food is always top-notch, and the staff is very professional. The ambiance is perfect for a romantic dinner or special occasion.","{'place': 'positive', 'disappoints': 'positive', 'food': 'positive', 'notch': 'positive', 'staff': 'positive', 'ambiance': 'positive', 'dinner': 'positive', 'occasion': 'positive'}"
2024-08-09,"The setting is beautiful, but the food left much to be desired. The steak was overcooked, and the side dishes were bland. For the price, we expected a much better experience.","{'setting': 'positive', 'food': 'positive', 'steak': 'negative', 'side': 'negative', 'dishes': 'negative', 'price': 'positive', 'experience': 'positive'}"
2024-08-09,"This place never disappoints! The food is always top-notch, and the staff is very professional. The ambiance is perfect for a romantic dinner or special occasion.","{'place': 'positive', 'disappoints': 'positive', 'food': 'positive', 'notch': 'positive', 'staff': 'positive', 'ambiance': 'positive', 'dinner': 'positive', 'occasion': 'positive'}"
2024-08-09,"The service was very slow, and the food was average at best. We waited over 45 minutes for our entrees, and they were lukewarm when they arrived. Disappointing experience overall.","{'service': 'positive', 'food': 'positive', 'minutes': 'neutral', 'entrees': 'neutral', 'experience': 'negative'}"
2024-08-09,,{}
2024-09-08,"Had a disappointing meal here. The pasta was overcooked, and the sauce was too salty. The service was friendly, but it didn’t make up for the lackluster food.","{'meal': 'negative', 'pasta': 'neutral', 'sauce': 'neutral', 'service': 'positive', 'food': 'positive'}"
2024-09-08,"Had a disappointing meal here. The pasta was overcooked, and the sauce was too salty. The service was friendly, but it didn’t make up for the lackluster food.","{'meal': 'negative', 'pasta': 'neutral', 'sauce': 'neutral', 'service': 'positive', 'food': 'positive'}"
2024-06-17,"The restaurant was clean, and the staff was polite. However, the food took too long to arrive, and when it did, it was cold. Not the best experience, but the place has potential.","{'restaurant': 'positive', 'staff': 'positive', 'food': 'negative', 'experience': 'positive', 'place': 'positive', 'potential': 'positive'}"
2024-06-17,"Had a great evening at this restaurant. The live music was a nice touch, and the food was good, though a bit expensive. The staff was friendly, but the service could have been faster.","{'evening': 'positive', 'restaurant': 'positive', 'music': 'positive', 'touch': 'positive', 'food': 'positive', 'bit': 'positive', 'staff': 'positive', 'service': 'positive'}"
2024-06-17,"The experience was mediocre. The appetizers were cold, and the main course lacked seasoning. The staff was friendly but seemed overwhelmed with the crowd. We might give it another try.","{'experience': 'negative', 'appetizers': 'negative', 'course': 'negative', 'seasoning': 'negative', 'staff': 'positive', 'crowd': 'positive', 'try': 'neutral'}"
2024-06-26,"The restaurant was clean, and the staff was polite. However, the food took too long to arrive, and when it did, it was cold. Not the best experience, but the place has potential.","{'restaurant': 'positive', 'staff': 'positive', 'food': 'negative', 'experience': 'positive', 'place': 'positive', 'potential': 'positive'}"
2024-06-26,"A wonderful dining experience from start to finish. The waiter was attentive, and the chef even came out to greet us. The food was flavorful and beautifully presented. Highly recommend!","{'dining': 'positive', 'experience': 'positive', 'start': 'positive', 'finish': 'positive', 'waiter': 'positive', 'chef': 'positive', 'food': 'positive'}"
2024-09-07,"This is one of my favorite spots in town. The food is always delicious, and the atmosphere is cozy. We love coming here for a relaxed evening out with friends.","{'spots': 'positive', 'town': 'positive', 'food': 'positive', 'atmosphere': 'positive', 'evening': 'positive', 'friends': 'positive'}"
2024-09-07,"The restaurant was very busy, and we had to wait over 30 minutes for a table despite having a reservation. The food was decent but not worth the wait. The service was friendly, though.","{'restaurant': 'positive', 'minutes': 'positive', 'table': 'positive', 'reservation': 'positive', 'food': 'positive', 'wait': 'positive', 'service': 'positive'}"
2024-07-23,"The setting is beautiful, but the food left much to be desired. The steak was overcooked, and the side dishes were bland. For the price, we expected a much better experience.","{'setting': 'positive', 'food': 'positive', 'steak': 'negative', 'side': 'negative', 'dishes': 'negative', 'price': 'positive', 'experience': 'positive'}"
2024-09-01,"Great place for a family dinner! The portions were generous, and the prices were reasonable. The kids enjoyed their meals, and the staff was very accommodating. We'll definitely come back!","{'place': 'positive', 'family': 'positive', 'dinner': 'positive', 'portions': 'positive', 'prices': 'positive', 'kids': 'positive', 'meals': 'positive', 'staff': 'positive'}"
2024-08-04,"The setting is beautiful, but the food left much to be desired. The steak was overcooked, and the side dishes were bland. For the price, we expected a much better experience.","{'setting': 'positive', 'food': 'positive', 'steak': 'negative', 'side': 'negative', 'dishes': 'negative', 'price': 'positive', 'experience': 'positive'}"
2024-08-04,"The food was just okay, and the service was lacking. The waiter seemed distracted, and we had to remind him about our orders several times. Probably won’t be returning.","{'food': 'positive', 'service': 'positive', 'waiter': 'neutral', 'orders': 'neutral', 'times': 'neutral'}"
2024-07-24,"The food was outstanding and the service was excellent. The ambiance was perfect for a quiet dinner with friends. We ordered a variety of dishes, and each one was cooked to perfection. Highly recommend this place!","{'food': 'positive', 'service': 'positive', 'ambiance': 'positive', 'dinner': 'positive', 'friends': 'positive', 'variety': 'neutral', 'dishes': 'neutral', 'one': 'neutral', 'perfection': 'neutral', 'place': 'positive'}"
2024-07-24,"Had a lovely evening here. The staff was attentive, and the food was great. We especially loved the appetizers. The portions were generous, and we left feeling very satisfied.","{'evening': 'positive', 'staff': 'positive', 'food': 'positive', 'appetizers': 'positive', 'portions': 'positive'}"
2024-07-24,,{}
2024-07-14,"The service was very slow, and the food was average at best. We waited over 45 minutes for our entrees, and they were lukewarm when they arrived. Disappointing experience overall.","{'service': 'positive', 'food': 'positive', 'minutes': 'neutral', 'entrees': 'neutral', 'experience': 'negative'}"
2024-06-07,"This is one of my favorite spots in town. The food is always delicious, and the atmosphere is cozy. We love coming here for a relaxed evening out with friends.","{'spots': 'positive', 'town': 'positive', 'food': 'positive', 'atmosphere': 'positive', 'evening': 'positive', 'friends': 'positive'}"
2024-06-07,"Loved the atmosphere, but the food didn't live up to the expectations. The dessert was the highlight of the meal, but the rest of the courses were a bit bland and overpriced.","{'atmosphere': 'positive', 'food': 'positive', 'expectations': 'positive', 'dessert': 'negative', 'highlight': 'negative', 'meal': 'negative', 'rest': 'negative', 'courses': 'negative', 'bit': 'negative'}"
2024-06-07,"The experience was mediocre. The appetizers were cold, and the main course lacked seasoning. The staff was friendly but seemed overwhelmed with the crowd. We might give it another try.","{'experience': 'negative', 'appetizers': 'negative', 'course': 'negative', 'seasoning': 'negative', 'staff': 'positive', 'crowd': 'positive', 'try': 'neutral'}"
2024-07-02,"This is one of my favorite spots in town. The food is always delicious, and the atmosphere is cozy. We love coming here for a relaxed evening out with friends.","{'spots': 'positive', 'town': 'positive', 'food': 'positive', 'atmosphere': 'positive', 'evening': 'positive', 'friends': 'positive'}"
2024-07-02,"A wonderful dining experience from start to finish. The waiter was attentive, and the chef even came out to greet us. The food was flavorful and beautifully presented. Highly recommend!","{'dining': 'positive', 'experience': 'positive', 'start': 'positive', 'finish': 'positive', 'waiter': 'positive', 'chef': 'positive', 'food': 'positive'}"
2024-07-02,"Had a lovely evening here. The staff was attentive, and the food was great. We especially loved the appetizers. The portions were generous, and we left feeling very satisfied.","{'evening': 'positive', 'staff': 'positive', 'food': 'positive', 'appetizers': 'positive', 'portions': 'positive'}"
2024-08-21,"Had a lovely evening here. The staff was attentive, and the food was great. We especially loved the appetizers. The portions were generous, and we left feeling very satisfied.","{'evening': 'positive', 'staff': 'positive', 'food': 'positive', 'appetizers': 'positive', 'portions': 'positive'}"
2024-06-15,"The experience was mediocre. The appetizers were cold, and the main course lacked seasoning. The staff was friendly but seemed overwhelmed with the crowd. We might give it another try.","{'experience': 'negative', 'appetizers': 'negative', 'course': 'negative', 'seasoning': 'negative', 'staff': 'positive', 'crowd': 'positive', 'try': 'neutral'}"
2024-06-15,,{}
2024-06-15,"Loved the atmosphere, but the food didn't live up to the expectations. The dessert was the highlight of the meal, but the rest of the courses were a bit bland and overpriced.","{'atmosphere': 'positive', 'food': 'positive', 'expectations': 'positive', 'dessert': 'negative', 'highlight': 'negative', 'meal': 'negative', 'rest': 'negative', 'courses': 'negative', 'bit': 'negative'}"
2024-06-15,"This place never disappoints! The food is always top-notch, and the staff is very professional. The ambiance is perfect for a romantic dinner or special occasion.","{'place': 'positive', 'disappoints': 'positive', 'food': 'positive', 'notch': 'positive', 'staff': 'positive', 'ambiance': 'positive', 'dinner': 'positive', 'occasion': 'positive'}"
2024-07-07,"The setting is beautiful, but the food left much to be desired. The steak was overcooked, and the side dishes were bland. For the price, we expected a much better experience.","{'setting': 'positive', 'food': 'positive', 'steak': 'negative', 'side': 'negative', 'dishes': 'negative', 'price': 'positive', 'experience': 'positive'}"
2024-07-07,"This place never disappoints! The food is always top-notch, and the staff is very professional. The ambiance is perfect for a romantic dinner or special occasion.","{'place': 'positive', 'disappoints': 'positive', 'food': 'positive', 'notch': 'positive', 'staff': 'positive', 'ambiance': 'positive', 'dinner': 'positive', 'occasion': 'positive'}"
2024-09-02,"This place never disappoints! The food is always top-notch, and the staff is very professional. The ambiance is perfect for a romantic dinner or special occasion.","{'place': 'positive', 'disappoints': 'positive', 'food': 'positive', 'notch': 'positive', 'staff': 'positive', 'ambiance': 'positive', 'dinner': 'positive', 'occasion': 'positive'}"
2024-09-02,"The food was outstanding and the service was excellent. The ambiance was perfect for a quiet dinner with friends. We ordered a variety of dishes, and each one was cooked to perfection. Highly recommend this place!","{'food': 'positive', 'service': 'positive', 'ambiance': 'positive', 'dinner': 'positive', 'friends': 'positive', 'variety': 'neutral', 'dishes': 'neutral', 'one': 'neutral', 'perfection': 'neutral', 'place': 'positive'}"
2024-09-02,"Loved the atmosphere, but the food didn't live up to the expectations. The dessert was the highlight of the meal, but the rest of the courses were a bit bland and overpriced.","{'atmosphere': 'positive', 'food': 'positive', 'expectations': 'positive', 'dessert': 'negative', 'highlight': 'negative', 'meal': 'negative', 'rest': 'negative', 'courses': 'negative', 'bit': 'negative'}"
2024-09-02,"One of the best meals we've had in a long time! Everything from the appetizers to the dessert was amazing. The flavors were bold, and the presentation was top-notch.","{'meals': 'positive', 'time': 'positive', 'appetizers': 'positive', 'dessert': 'positive', 'flavors': 'positive', 'presentation': 'positive', 'notch': 'positive'}"
2024-09-02,"Had a disappointing meal here. The pasta was overcooked, and the sauce was too salty. The service was friendly, but it didn’t make up for the lackluster food.","{'meal': 'negative', 'pasta': 'neutral', 'sauce': 'neutral', 'service': 'positive', 'food': 'positive'}"
2024-07-19,"The experience was mediocre. The appetizers were cold, and the main course lacked seasoning. The staff was friendly but seemed overwhelmed with the crowd. We might give it another try.","{'experience': 'negative', 'appetizers': 'negative', 'course': 'negative', 'seasoning': 'negative', 'staff': 'positive', 'crowd': 'positive', 'try': 'neutral'}"
2024-07-19,,{}
2024-06-30,"One of the best meals we've had in a long time! Everything from the appetizers to the dessert was amazing. The flavors were bold, and the presentation was top-notch.","{'meals': 'positive', 'time': 'positive', 'appetizers': 'positive', 'dessert': 'positive', 'flavors': 'positive', 'presentation': 'positive', 'notch': 'positive'}"
2024-07-25,"The location is convenient, but the food is nothing special. The burger was dry, and the fries were soggy. The atmosphere was pleasant, but the overall experience was just okay.","{'location': 'positive', 'food': 'positive', 'burger': 'negative', 'fries': 'negative', 'atmosphere': 'positive', 'experience': 'positive'}"
2024-09-04,"The experience was mediocre. The appetizers were cold, and the main course lacked seasoning. The staff was friendly but seemed overwhelmed with the crowd. We might give it another try.","{'experience': 'negative', 'appetizers': 'negative', 'course': 'negative', 'seasoning': 'negative', 'staff': 'positive', 'crowd': 'positive', 'try': 'neutral'}"
2024-07-04,"The location is convenient, but the food is nothing special. The burger was dry, and the fries were soggy. The atmosphere was pleasant, but the overall experience was just okay.","{'location': 'positive', 'food': 'positive', 'burger': 'negative', 'fries': 'negative', 'atmosphere': 'positive', 'experience': 'positive'}"
2024-07-04,A fantastic restaurant with great food and a friendly atmosphere. The staff went above and beyond to make sure we had a great time. Highly recommend the steak and seafood dishes.,"{'restaurant': 'positive', 'food': 'positive', 'atmosphere': 'positive', 'staff': 'positive', 'time': 'positive', 'steak': 'positive', 'seafood': 'positive', 'dishes': 'positive'}"
2024-07-04,"Loved the atmosphere, but the food didn't live up to the expectations. The dessert was the highlight of the meal, but the rest of the courses were a bit bland and overpriced.","{'atmosphere': 'positive', 'food': 'positive', 'expectations': 'positive', 'dessert': 'negative', 'highlight': 'negative', 'meal': 'negative', 'rest': 'negative', 'courses': 'negative', 'bit': 'negative'}"
2024-07-04,"This place never disappoints! The food is always top-notch, and the staff is very professional. The ambiance is perfect for a romantic dinner or special occasion.","{'place': 'positive', 'disappoints': 'positive', 'food': 'positive', 'notch': 'positive', 'staff': 'positive', 'ambiance': 'positive', 'dinner': 'positive', 'occasion': 'positive'}"
2024-06-08,"The restaurant was very busy, and we had to wait over 30 minutes for a table despite having a reservation. The food was decent but not worth the wait. The service was friendly, though.","{'restaurant': 'positive', 'minutes': 'positive', 'table': 'positive', 'reservation': 'positive', 'food': 'positive', 'wait': 'positive', 'service': 'positive'}"
2024-06-08,"The experience was mediocre. The appetizers were cold, and the main course lacked seasoning. The staff was friendly but seemed overwhelmed with the crowd. We might give it another try.","{'experience': 'negative', 'appetizers': 'negative', 'course': 'negative', 'seasoning': 'negative', 'staff': 'positive', 'crowd': 'positive', 'try': 'neutral'}"
2024-08-20,"One of the best meals we've had in a long time! Everything from the appetizers to the dessert was amazing. The flavors were bold, and the presentation was top-notch.","{'meals': 'positive', 'time': 'positive', 'appetizers': 'positive', 'dessert': 'positive', 'flavors': 'positive', 'presentation': 'positive', 'notch': 'positive'}"
2024-08-20,"Had a great evening at this restaurant. The live music was a nice touch, and the food was good, though a bit expensive. The staff was friendly, but the service could have been faster.","{'evening': 'positive', 'restaurant': 'positive', 'music': 'positive', 'touch': 'positive', 'food': 'positive', 'bit': 'positive', 'staff': 'positive', 'service': 'positive'}"
2024-06-04,"This is one of my favorite spots in town. The food is always delicious, and the atmosphere is cozy. We love coming here for a relaxed evening out with friends.","{'spots': 'positive', 'town': 'positive', 'food': 'positive', 'atmosphere': 'positive', 'evening': 'positive', 'friends': 'positive'}"
2024-06-04,"The experience was mediocre. The appetizers were cold, and the main course lacked seasoning. The staff was friendly but seemed overwhelmed with the crowd. We might give it another try.","{'experience': 'negative', 'appetizers': 'negative', 'course': 'negative', 'seasoning': 'negative', 'staff': 'positive', 'crowd': 'positive', 'try': 'neutral'}"
2024-06-04,"The experience was mediocre. The appetizers were cold, and the main course lacked seasoning. The staff was friendly but seemed overwhelmed with the crowd. We might give it another try.","{'experience': 'negative', 'appetizers': 'negative', 'course': 'negative', 'seasoning': 'negative', 'staff': 'positive', 'crowd': 'positive', 'try': 'neutral'}"
2024-06-04,"A wonderful dining experience from start to finish. The waiter was attentive, and the chef even came out to greet us. The food was flavorful and beautifully presented. Highly recommend!","{'dining': 'positive', 'experience': 'positive', 'start': 'positive', 'finish': 'positive', 'waiter': 'positive', 'chef': 'positive', 'food': 'positive'}"
2024-07-17,"Had a lovely evening here. The staff was attentive, and the food was great. We especially loved the appetizers. The portions were generous, and we left feeling very satisfied.","{'evening': 'positive', 'staff': 'positive', 'food': 'positive', 'appetizers': 'positive', 'portions': 'positive'}"
2024-06-18,"The experience was mediocre. The appetizers were cold, and the main course lacked seasoning. The staff was friendly but seemed overwhelmed with the crowd. We might give it another try.","{'experience': 'negative', 'appetizers': 'negative', 'course': 'negative', 'seasoning': 'negative', 'staff': 'positive', 'crowd': 'positive', 'try': 'neutral'}"
2024-06-18,"Loved the atmosphere, but the food didn't live up to the expectations. The dessert was the highlight of the meal, but the rest of the courses were a bit bland and overpriced.","{'atmosphere': 'positive', 'food': 'positive', 'expectations': 'positive', 'dessert': 'negative', 'highlight': 'negative', 'meal': 'negative', 'rest': 'negative', 'courses': 'negative', 'bit': 'negative'}"
2024-06-18,"The location is convenient, but the food is nothing special. The burger was dry, and the fries were soggy. The atmosphere was pleasant, but the overall experience was just okay.","{'location': 'positive', 'food': 'positive', 'burger': 'negative', 'fries': 'negative', 'atmosphere': 'positive', 'experience': 'positive'}"
2024-06-18,"A wonderful dining experience from start to finish. The waiter was attentive, and the chef even came out to greet us. The food was flavorful and beautifully presented. Highly recommend!","{'dining': 'positive', 'experience': 'positive', 'start': 'positive', 'finish': 'positive', 'waiter': 'positive', 'chef': 'positive', 'food': 'positive'}"
2024-06-18,"One of the best meals we've had in a long time! Everything from the appetizers to the dessert was amazing. The flavors were bold, and the presentation was top-notch.","{'meals': 'positive', 'time': 'positive', 'appetizers': 'positive', 'dessert': 'positive', 'flavors': 'positive', 'presentation': 'positive', 'notch': 'positive'}"
2024-07-16,"The setting is beautiful, but the food left much to be desired. The steak was overcooked, and the side dishes were bland. For the price, we expected a much better experience.","{'setting': 'positive', 'food': 'positive', 'steak': 'negative', 'side': 'negative', 'dishes': 'negative', 'price': 'positive', 'experience': 'positive'}"
2024-07-16,"This place never disappoints! The food is always top-notch, and the staff is very professional. The ambiance is perfect for a romantic dinner or special occasion.","{'place': 'positive', 'disappoints': 'positive', 'food': 'positive', 'notch': 'positive', 'staff': 'positive', 'ambiance': 'positive', 'dinner': 'positive', 'occasion': 'positive'}"
2024-07-16,"The setting is beautiful, but the food left much to be desired. The steak was overcooked, and the side dishes were bland. For the price, we expected a much better experience.","{'setting': 'positive', 'food': 'positive', 'steak': 'negative', 'side': 'negative', 'dishes': 'negative', 'price': 'positive', 'experience': 'positive'}"
2024-07-16,"One of the best meals we've had in a long time! Everything from the appetizers to the dessert was amazing. The flavors were bold, and the presentation was top-notch.","{'meals': 'positive', 'time': 'positive', 'appetizers': 'positive', 'dessert': 'positive', 'flavors': 'positive', 'presentation': 'positive', 'notch': 'positive'}"
2024-06-02,"Had a lovely evening here. The staff was attentive, and the food was great. We especially loved the appetizers. The portions were generous, and we left feeling very satisfied.","{'evening': 'positive', 'staff': 'positive', 'food': 'positive', 'appetizers': 'positive', 'portions': 'positive'}"
2024-06-22,"The location is convenient, but the food is nothing special. The burger was dry, and the fries were soggy. The atmosphere was pleasant, but the overall experience was just okay.","{'location': 'positive', 'food': 'positive', 'burger': 'negative', 'fries': 'negative', 'atmosphere': 'positive', 'experience': 'positive'}"
2024-06-13,,{}
2024-06-13,"Great place for a family dinner! The portions were generous, and the prices were reasonable. The kids enjoyed their meals, and the staff was very accommodating. We'll definitely come back!","{'place': 'positive', 'family': 'positive', 'dinner': 'positive', 'portions': 'positive', 'prices': 'positive', 'kids': 'positive', 'meals': 'positive', 'staff': 'positive'}"
2024-06-13,"Great place for a family dinner! The portions were generous, and the prices were reasonable. The kids enjoyed their meals, and the staff was very accommodating. We'll definitely come back!","{'place': 'positive', 'family': 'positive', 'dinner': 'positive', 'portions': 'positive', 'prices': 'positive', 'kids': 'positive', 'meals': 'positive', 'staff': 'positive'}"
2024-07-30,"One of the best meals we've had in a long time! Everything from the appetizers to the dessert was amazing. The flavors were bold, and the presentation was top-notch.","{'meals': 'positive', 'time': 'positive', 'appetizers': 'positive', 'dessert': 'positive', 'flavors': 'positive', 'presentation': 'positive', 'notch': 'positive'}"
2024-07-30,"Had a disappointing meal here. The pasta was overcooked, and the sauce was too salty. The service was friendly, but it didn’t make up for the lackluster food.","{'meal': 'negative', 'pasta': 'neutral', 'sauce': 'neutral', 'service': 'positive', 'food': 'positive'}"
2024-09-10,"The restaurant was clean, and the staff was polite. However, the food took too long to arrive, and when it did, it was cold. Not the best experience, but the place has potential.","{'restaurant': 'positive', 'staff': 'positive', 'food': 'negative', 'experience': 'positive', 'place': 'positive', 'potential': 'positive'}"
2024-06-01,"This is one of my favorite spots in town. The food is always delicious, and the atmosphere is cozy. We love coming here for a relaxed evening out with friends.","{'spots': 'positive', 'town': 'positive', 'food': 'positive', 'atmosphere': 'positive', 'evening': 'positive', 'friends': 'positive'}"
2024-06-01,"The experience was mediocre. The appetizers were cold, and the main course lacked seasoning. The staff was friendly but seemed overwhelmed with the crowd. We might give it another try.","{'experience': 'negative', 'appetizers': 'negative', 'course': 'negative', 'seasoning': 'negative', 'staff': 'positive', 'crowd': 'positive', 'try': 'neutral'}"
2024-06-01,"The service was very slow, and the food was average at best. We waited over 45 minutes for our entrees, and they were lukewarm when they arrived. Disappointing experience overall.","{'service': 'positive', 'food': 'positive', 'minutes': 'neutral', 'entrees': 'neutral', 'experience': 'negative'}"
2024-06-11,"The location is convenient, but the food is nothing special. The burger was dry, and the fries were soggy. The atmosphere was pleasant, but the overall experience was just okay.","{'location': 'positive', 'food': 'positive', 'burger': 'negative', 'fries': 'negative', 'atmosphere': 'positive', 'experience': 'positive'}"
2024-07-05,"A solid choice for a casual meal. The menu had a lot of variety, and the portions were generous. The service was quick, and the food was good. We'll definitely come back for more!","{'choice': 'negative', 'meal': 'negative', 'menu': 'neutral', 'lot': 'neutral', 'variety': 'neutral', 'portions': 'neutral', 'service': 'positive', 'food': 'positive'}"
2024-08-14,"We had an amazing time here! The cocktails were innovative, and the food was absolutely delicious. We especially loved the seafood platter and the variety of options on the menu.","{'time': 'positive', 'cocktails': 'positive', 'food': 'positive', 'seafood': 'positive', 'platter': 'positive', 'variety': 'positive', 'options': 'positive', 'menu': 'positive'}"
2024-08-14,"The restaurant was clean, and the staff was polite. However, the food took too long to arrive, and when it did, it was cold. Not the best experience, but the place has potential.","{'restaurant': 'positive', 'staff': 'positive', 'food': 'negative', 'experience': 'positive', 'place': 'positive', 'potential': 'positive'}"
2024-08-28,"The setting is beautiful, but the food left much to be desired. The steak was overcooked, and the side dishes were bland. For the price, we expected a much better experience.","{'setting': 'positive', 'food': 'positive', 'steak': 'negative', 'side': 'negative', 'dishes': 'negative', 'price': 'positive', 'experience': 'positive'}"
2024-08-28,"Loved the atmosphere, but the food didn't live up to the expectations. The dessert was the highlight of the meal, but the rest of the courses were a bit bland and overpriced.","{'atmosphere': 'positive', 'food': 'positive', 'expectations': 'positive', 'dessert': 'negative', 'highlight': 'negative', 'meal': 'negative', 'rest': 'negative', 'courses': 'negative', 'bit': 'negative'}"
2024-06-06,"We had an amazing time here! The cocktails were innovative, and the food was absolutely delicious. We especially loved the seafood platter and the variety of options on the menu.","{'time': 'positive', 'cocktails': 'positive', 'food': 'positive', 'seafood': 'positive', 'platter': 'positive', 'variety': 'positive', 'options': 'positive', 'menu': 'positive'}"
2024-06-06,,{}
2024-06-06,"The restaurant was clean, and the staff was polite. However, the food took too long to arrive, and when it did, it was cold. Not the best experience, but the place has potential.","{'restaurant': 'positive', 'staff': 'positive', 'food': 'negative', 'experience': 'positive', 'place': 'positive', 'potential': 'positive'}"
2024-06-06,,{}
2024-07-03,"The setting is beautiful, but the food left much to be desired. The steak was overcooked, and the side dishes were bland. For the price, we expected a much better experience.","{'setting': 'positive', 'food': 'positive', 'steak': 'negative', 'side': 'negative', 'dishes': 'negative', 'price': 'positive', 'experience': 'positive'}"
2024-06-23,"This is one of my favorite spots in town. The food is always delicious, and the atmosphere is cozy. We love coming here for a relaxed evening out with friends.","{'spots': 'positive', 'town': 'positive', 'food': 'positive', 'atmosphere': 'positive', 'evening': 'positive', 'friends': 'positive'}"
2024-06-25,"The setting is beautiful, but the food left much to be desired. The steak was overcooked, and the side dishes were bland. For the price, we expected a much better experience.","{'setting': 'positive', 'food': 'positive', 'steak': 'negative', 'side': 'negative', 'dishes': 'negative', 'price': 'positive', 'experience': 'positive'}"
2024-07-15,"Had a disappointing meal here. The pasta was overcooked, and the sauce was too salty. The service was friendly, but it didn’t make up for the lackluster food.","{'meal': 'negative', 'pasta': 'neutral', 'sauce': 'neutral', 'service': 'positive', 'food': 'positive'}"
2024-07-12,"This is one of my favorite spots in town. The food is always delicious, and the atmosphere is cozy. We love coming here for a relaxed evening out with friends.","{'spots': 'positive', 'town': 'positive', 'food': 'positive', 'atmosphere': 'positive', 'evening': 'positive', 'friends': 'positive'}"
2024-07-22,"Had a lovely evening here. The staff was attentive, and the food was great. We especially loved the appetizers. The portions were generous, and we left feeling very satisfied.","{'evening': 'positive', 'staff': 'positive', 'food': 'positive', 'appetizers': 'positive', 'portions': 'positive'}"
2024-06-12,A fantastic restaurant with great food and a friendly atmosphere. The staff went above and beyond to make sure we had a great time. Highly recommend the steak and seafood dishes.,"{'restaurant': 'positive', 'food': 'positive', 'atmosphere': 'positive', 'staff': 'positive', 'time': 'positive', 'steak': 'positive', 'seafood': 'positive', 'dishes': 'positive'}"
2024-06-12,"The food was outstanding and the service was excellent. The ambiance was perfect for a quiet dinner with friends. We ordered a variety of dishes, and each one was cooked to perfection. Highly recommend this place!","{'food': 'positive', 'service': 'positive', 'ambiance': 'positive', 'dinner': 'positive', 'friends': 'positive', 'variety': 'neutral', 'dishes': 'neutral', 'one': 'neutral', 'perfection': 'neutral', 'place': 'positive'}"
2024-08-27,"This is one of my favorite spots in town. The food is always delicious, and the atmosphere is cozy. We love coming here for a relaxed evening out with friends.","{'spots': 'positive', 'town': 'positive', 'food': 'positive', 'atmosphere': 'positive', 'evening': 'positive', 'friends': 'positive'}"
2024-08-27,"The food was outstanding and the service was excellent. The ambiance was perfect for a quiet dinner with friends. We ordered a variety of dishes, and each one was cooked to perfection. Highly recommend this place!","{'food': 'positive', 'service': 'positive', 'ambiance': 'positive', 'dinner': 'positive', 'friends': 'positive', 'variety': 'neutral', 'dishes': 'neutral', 'one': 'neutral', 'perfection': 'neutral', 'place': 'positive'}"
2024-06-20,"Had a lovely evening here. The staff was attentive, and the food was great. We especially loved the appetizers. The portions were generous, and we left feeling very satisfied.","{'evening': 'positive', 'staff': 'positive', 'food': 'positive', 'appetizers': 'positive', 'portions': 'positive'}"
2024-06-20,"The location is convenient, but the food is nothing special. The burger was dry, and the fries were soggy. The atmosphere was pleasant, but the overall experience was just okay.","{'location': 'positive', 'food': 'positive', 'burger': 'negative', 'fries': 'negative', 'atmosphere': 'positive', 'experience': 'positive'}"
2024-06-20,"The experience was mediocre. The appetizers were cold, and the main course lacked seasoning. The staff was friendly but seemed overwhelmed with the crowd. We might give it another try.","{'experience': 'negative', 'appetizers': 'negative', 'course': 'negative', 'seasoning': 'negative', 'staff': 'positive', 'crowd': 'positive', 'try': 'neutral'}"
2024-07-01,"Loved the atmosphere, but the food didn't live up to the expectations. The dessert was the highlight of the meal, but the rest of the courses were a bit bland and overpriced.","{'atmosphere': 'positive', 'food': 'positive', 'expectations': 'positive', 'dessert': 'negative', 'highlight': 'negative', 'meal': 'negative', 'rest': 'negative', 'courses': 'negative', 'bit': 'negative'}"
2024-07-13,"This is one of my favorite spots in town. The food is always delicious, and the atmosphere is cozy. We love coming here for a relaxed evening out with friends.","{'spots': 'positive', 'town': 'positive', 'food': 'positive', 'atmosphere': 'positive', 'evening': 'positive', 'friends': 'positive'}"
2024-08-07,"This place never disappoints! The food is always top-notch, and the staff is very professional. The ambiance is perfect for a romantic dinner or special occasion.","{'place': 'positive', 'disappoints': 'positive', 'food': 'positive', 'notch': 'positive', 'staff': 'positive', 'ambiance': 'positive', 'dinner': 'positive', 'occasion': 'positive'}"
2024-08-07,"A solid choice for a casual meal. The menu had a lot of variety, and the portions were generous. The service was quick, and the food was good. We'll definitely come back for more!","{'choice': 'negative', 'meal': 'negative', 'menu': 'neutral', 'lot': 'neutral', 'variety': 'neutral', 'portions': 'neutral', 'service': 'positive', 'food': 'positive'}"
2024-08-13,"The experience was mediocre. The appetizers were cold, and the main course lacked seasoning. The staff was friendly but seemed overwhelmed with the crowd. We might give it another try.","{'experience': 'negative', 'appetizers': 'negative', 'course': 'negative', 'seasoning': 'negative', 'staff': 'positive', 'crowd': 'positive', 'try': 'neutral'}"
2024-08-13,"A solid choice for a casual meal. The menu had a lot of variety, and the portions were generous. The service was quick, and the food was good. We'll definitely come back for more!","{'choice': 'negative', 'meal': 'negative', 'menu': 'neutral', 'lot': 'neutral', 'variety': 'neutral', 'portions': 'neutral', 'service': 'positive', 'food': 'positive'}"
2024-07-08,"Had a disappointing meal here. The pasta was overcooked, and the sauce was too salty. The service was friendly, but it didn’t make up for the lackluster food.","{'meal': 'negative', 'pasta': 'neutral', 'sauce': 'neutral', 'service': 'positive', 'food': 'positive'}"
2024-07-08,"A wonderful dining experience from start to finish. The waiter was attentive, and the chef even came out to greet us. The food was flavorful and beautifully presented. Highly recommend!","{'dining': 'positive', 'experience': 'positive', 'start': 'positive', 'finish': 'positive', 'waiter': 'positive', 'chef': 'positive', 'food': 'positive'}"
2024-07-10,"Had a lovely evening here. The staff was attentive, and the food was great. We especially loved the appetizers. The portions were generous, and we left feeling very satisfied.","{'evening': 'positive', 'staff': 'positive', 'food': 'positive', 'appetizers': 'positive', 'portions': 'positive'}"
2024-07-10,"Had a disappointing meal here. The pasta was overcooked, and the sauce was too salty. The service was friendly, but it didn’t make up for the lackluster food.","{'meal': 'negative', 'pasta': 'neutral', 'sauce': 'neutral', 'service': 'positive', 'food': 'positive'}"
2024-06-09,"The location is convenient, but the food is nothing special. The burger was dry, and the fries were soggy. The atmosphere was pleasant, but the overall experience was just okay.","{'location': 'positive', 'food': 'positive', 'burger': 'negative', 'fries': 'negative', 'atmosphere': 'positive', 'experience': 'positive'}"
2024-06-09,"A solid choice for a casual meal. The menu had a lot of variety, and the portions were generous. The service was quick, and the food was good. We'll definitely come back for more!","{'choice': 'negative', 'meal': 'negative', 'menu': 'neutral', 'lot': 'neutral', 'variety': 'neutral', 'portions': 'neutral', 'service': 'positive', 'food': 'positive'}"
2024-06-09,"Loved the atmosphere, but the food didn't live up to the expectations. The dessert was the highlight of the meal, but the rest of the courses were a bit bland and overpriced.","{'atmosphere': 'positive', 'food': 'positive', 'expectations': 'positive', 'dessert': 'negative', 'highlight': 'negative', 'meal': 'negative', 'rest': 'negative', 'courses': 'negative', 'bit': 'negative'}"
2024-07-28,"One of the best meals we've had in a long time! Everything from the appetizers to the dessert was amazing. The flavors were bold, and the presentation was top-notch.","{'meals': 'positive', 'time': 'positive', 'appetizers': 'positive', 'dessert': 'positive', 'flavors': 'positive', 'presentation': 'positive', 'notch': 'positive'}"
2024-06-10,"The service was very slow, and the food was average at best. We waited over 45 minutes for our entrees, and they were lukewarm when they arrived. Disappointing experience overall.","{'service': 'positive', 'food': 'positive', 'minutes': 'neutral', 'entrees': 'neutral', 'experience': 'negative'}"
2024-06-14,"This is one of my favorite spots in town. The food is always delicious, and the atmosphere is cozy. We love coming here for a relaxed evening out with friends.","{'spots': 'positive', 'town': 'positive', 'food': 'positive', 'atmosphere': 'positive', 'evening': 'positive', 'friends': 'positive'}"
2024-06-14,"Had a lovely evening here. The staff was attentive, and the food was great. We especially loved the appetizers. The portions were generous, and we left feeling very satisfied.","{'evening': 'positive', 'staff': 'positive', 'food': 'positive', 'appetizers': 'positive', 'portions': 'positive'}"
2024-07-20,"A solid choice for a casual meal. The menu had a lot of variety, and the portions were generous. The service was quick, and the food was good. We'll definitely come back for more!","{'choice': 'negative', 'meal': 'negative', 'menu': 'neutral', 'lot': 'neutral', 'variety': 'neutral', 'portions': 'neutral', 'service': 'positive', 'food': 'positive'}"
2024-07-20,"The food was outstanding and the service was excellent. The ambiance was perfect for a quiet dinner with friends. We ordered a variety of dishes, and each one was cooked to perfection. Highly recommend this place!","{'food': 'positive', 'service': 'positive', 'ambiance': 'positive', 'dinner': 'positive', 'friends': 'positive', 'variety': 'neutral', 'dishes': 'neutral', 'one': 'neutral', 'perfection': 'neutral', 'place': 'positive'}"
2024-07-20,"The restaurant was very busy, and we had to wait over 30 minutes for a table despite having a reservation. The food was decent but not worth the wait. The service was friendly, though.","{'restaurant': 'positive', 'minutes': 'positive', 'table': 'positive', 'reservation': 'positive', 'food': 'positive', 'wait': 'positive', 'service': 'positive'}"
2024-08-15,"This is one of my favorite spots in town. The food is always delicious, and the atmosphere is cozy. We love coming here for a relaxed evening out with friends.","{'spots': 'positive', 'town': 'positive', 'food': 'positive', 'atmosphere': 'positive', 'evening': 'positive', 'friends': 'positive'}"
2024-08-29,"This place never disappoints! The food is always top-notch, and the staff is very professional. The ambiance is perfect for a romantic dinner or special occasion.","{'place': 'positive', 'disappoints': 'positive', 'food': 'positive', 'notch': 'positive', 'staff': 'positive', 'ambiance': 'positive', 'dinner': 'positive', 'occasion': 'positive'}"
2024-08-22,"Had a disappointing meal here. The pasta was overcooked, and the sauce was too salty. The service was friendly, but it didn’t make up for the lackluster food.","{'meal': 'negative', 'pasta': 'neutral', 'sauce': 'neutral', 'service': 'positive', 'food': 'positive'}"
2024-08-22,"The food was outstanding and the service was excellent. The ambiance was perfect for a quiet dinner with friends. We ordered a variety of dishes, and each one was cooked to perfection. Highly recommend this place!","{'food': 'positive', 'service': 'positive', 'ambiance': 'positive', 'dinner': 'positive', 'friends': 'positive', 'variety': 'neutral', 'dishes': 'neutral', 'one': 'neutral', 'perfection': 'neutral', 'place': 'positive'}"
2024-08-18,"One of the best meals we've had in a long time! Everything from the appetizers to the dessert was amazing. The flavors were bold, and the presentation was top-notch.","{'meals': 'positive', 'time': 'positive', 'appetizers': 'positive', 'dessert': 'positive', 'flavors': 'positive', 'presentation': 'positive', 'notch': 'positive'}"
2024-07-11,"The food was just okay, and the service was lacking. The waiter seemed distracted, and we had to remind him about our orders several times. Probably won’t be returning.","{'food': 'positive', 'service': 'positive', 'waiter': 'neutral', 'orders': 'neutral', 'times': 'neutral'}"
2024-07-29,"One of the best meals we've had in a long time! Everything from the appetizers to the dessert was amazing. The flavors were bold, and the presentation was top-notch.","{'meals': 'positive', 'time': 'positive', 'appetizers': 'positive', 'dessert': 'positive', 'flavors': 'positive', 'presentation': 'positive', 'notch': 'positive'}"
2024-09-03,,{}
2024-06-27,"The restaurant was clean, and the staff was polite. However, the food took too long to arrive, and when it did, it was cold. Not the best experience, but the place has potential.","{'restaurant': 'positive', 'staff': 'positive', 'food': 'negative', 'experience': 'positive', 'place': 'positive', 'potential': 'positive'}"
2024-08-02,"The restaurant was very busy, and we had to wait over 30 minutes for a table despite having a reservation. The food was decent but not worth the wait. The service was friendly, though.","{'restaurant': 'positive', 'minutes': 'positive', 'table': 'positive', 'reservation': 'positive', 'food': 'positive', 'wait': 'positive', 'service': 'positive'}"
2024-06-24,"The experience was mediocre. The appetizers were cold, and the main course lacked seasoning. The staff was friendly but seemed overwhelmed with the crowd. We might give it another try.","{'experience': 'negative', 'appetizers': 'negative', 'course': 'negative', 'seasoning': 'negative', 'staff': 'positive', 'crowd': 'positive', 'try': 'neutral'}"
2024-08-03,"The location is convenient, but the food is nothing special. The burger was dry, and the fries were soggy. The atmosphere was pleasant, but the overall experience was just okay.","{'location': 'positive', 'food': 'positive', 'burger': 'negative', 'fries': 'negative', 'atmosphere': 'positive', 'experience': 'positive'}"
2024-08-03,"The restaurant was very busy, and we had to wait over 30 minutes for a table despite having a reservation. The food was decent but not worth the wait. The service was friendly, though.","{'restaurant': 'positive', 'minutes': 'positive', 'table': 'positive', 'reservation': 'positive', 'food': 'positive', 'wait': 'positive', 'service': 'positive'}"
2024-08-26,"A solid choice for a casual meal. The menu had a lot of variety, and the portions were generous. The service was quick, and the food was good. We'll definitely come back for more!","{'choice': 'negative', 'meal': 'negative', 'menu': 'neutral', 'lot': 'neutral', 'variety': 'neutral', 'portions': 'neutral', 'service': 'positive', 'food': 'positive'}"
2024-09-09,"Had a great evening at this restaurant. The live music was a nice touch, and the food was good, though a bit expensive. The staff was friendly, but the service could have been faster.","{'evening': 'positive', 'restaurant': 'positive', 'music': 'positive', 'touch': 'positive', 'food': 'positive', 'bit': 'positive', 'staff': 'positive', 'service': 'positive'}"
2024-08-23,"The service was very slow, and the food was average at best. We waited over 45 minutes for our entrees, and they were lukewarm when they arrived. Disappointing experience overall.","{'service': 'positive', 'food': 'positive', 'minutes': 'neutral', 'entrees': 'neutral', 'experience': 'negative'}"
2024-08-23,"A wonderful dining experience from start to finish. The waiter was attentive, and the chef even came out to greet us. The food was flavorful and beautifully presented. Highly recommend!","{'dining': 'positive', 'experience': 'positive', 'start': 'positive', 'finish': 'positive', 'waiter': 'positive', 'chef': 'positive', 'food': 'positive'}"
2024-07-21,"This place never disappoints! The food is always top-notch, and the staff is very professional. The ambiance is perfect for a romantic dinner or special occasion.","{'place': 'positive', 'disappoints': 'positive', 'food': 'positive', 'notch': 'positive', 'staff': 'positive', 'ambiance': 'positive', 'dinner': 'positive', 'occasion': 'positive'}"
2024-06-16,"This place never disappoints! The food is always top-notch, and the staff is very professional. The ambiance is perfect for a romantic dinner or special occasion.","{'place': 'positive', 'disappoints': 'positive', 'food': 'positive', 'notch': 'positive', 'staff': 'positive', 'ambiance': 'positive', 'dinner': 'positive', 'occasion': 'positive'}"
2024-08-06,"The setting is beautiful, but the food left much to be desired. The steak was overcooked, and the side dishes were bland. For the price, we expected a much better experience.","{'setting': 'positive', 'food': 'positive', 'steak': 'negative', 'side': 'negative', 'dishes': 'negative', 'price': 'positive', 'experience': 'positive'}"
2024-08-12,"The experience was mediocre. The appetizers were cold, and the main course lacked seasoning. The staff was friendly but seemed overwhelmed with the crowd. We might give it another try.","{'experience': 'negative', 'appetizers': 'negative', 'course': 'negative', 'seasoning': 'negative', 'staff': 'positive', 'crowd': 'positive', 'try': 'neutral'}"
2024-06-05,,{}
2024-06-05,"The restaurant was clean, and the staff was polite. However, the food took too long to arrive, and when it did, it was cold. Not the best experience, but the place has potential.","{'restaurant': 'positive', 'staff': 'positive', 'food': 'negative', 'experience': 'positive', 'place': 'positive', 'potential': 'positive'}"
2024-07-09,"We had an amazing time here! The cocktails were innovative, and the food was absolutely delicious. We especially loved the seafood platter and the variety of options on the menu.","{'time': 'positive', 'cocktails': 'positive', 'food': 'positive', 'seafood': 'positive', 'platter': 'positive', 'variety': 'positive', 'options': 'positive', 'menu': 'positive'}"
2024-07-31,"The food was just okay, and the service was lacking. The waiter seemed distracted, and we had to remind him about our orders several times. Probably won’t be returning.","{'food': 'positive', 'service': 'positive', 'waiter': 'neutral', 'orders': 'neutral', 'times': 'neutral'}"
2024-08-31,,{}
